City,Cloudiness,Country,Date,Humidity,Latitude,Longitude,Max Temp,Wind Speed
Punta Arenas,20,CL,2019-02-05,53,-53.16,-70.91,51.8,18.34
Yerbogachen,44,RU,2019-02-05,56,61.28,108.01,-19.72,2.8
Saskylakh,68,RU,2019-02-05,78,71.97,114.09,2.25,24.05
Ornskoldsvik,0,SE,2019-02-05,76,63.29,18.72,-5.81,2.24
Maceio,20,BR,2019-02-05,94,-9.67,-35.74,77.0,6.93
Airai,36,TL,2019-02-05,70,-8.93,125.41,80.46,2.24
Busselton,0,AU,2019-02-05,74,-33.64,115.35,77.53,15.66
Hobart,75,AU,2019-02-05,49,-42.88,147.33,69.8,11.41
Bluff,80,AU,2019-02-05,57,-23.58,149.07,84.15,22.15
Atuona,20,PF,2019-02-05,100,-9.8,-139.03,81.67,15.88
Brae,92,GB,2019-02-05,87,60.4,-1.35,44.6,26.4
Albany,1,US,2019-02-05,69,42.65,-73.75,37.94,11.41
Rikitea,76,PF,2019-02-05,100,-23.12,-134.97,81.22,6.38
Barrow,0,AR,2019-02-05,47,-38.31,-60.23,71.01,13.65
Otane,92,NZ,2019-02-05,93,-39.89,176.62,56.65,8.28
Qaanaaq,0,GL,2019-02-05,96,77.48,-69.36,-16.88,6.15
Padang,40,ID,2019-02-05,88,-0.92,100.36,78.8,3.36
Hamilton,40,CA,2019-02-05,85,43.26,-79.87,28.4,3.36
Aksu,90,KZ,2019-02-05,75,52.04,76.93,-16.61,20.13
Yellowknife,20,CA,2019-02-05,74,62.45,-114.38,-25.61,6.93
Upernavik,12,GL,2019-02-05,100,72.79,-56.15,1.93,13.2
Saint-Augustin,90,FR,2019-02-05,100,44.83,-0.61,51.8,5.82
Arraial do Cabo,92,BR,2019-02-05,87,-22.97,-42.02,76.14,3.13
Butaritari,24,KI,2019-02-05,100,3.07,172.79,82.93,18.45
Luanda,40,AO,2019-02-05,83,-8.83,13.24,80.6,2.24
Cherskiy,12,RU,2019-02-05,45,68.75,161.3,-28.22,2.91
Hasaki,75,JP,2019-02-05,93,35.73,140.83,44.6,12.75
Aklavik,90,CA,2019-02-05,77,68.22,-135.01,-2.21,3.36
Castro,75,CL,2019-02-05,87,-42.48,-73.76,60.8,4.7
New Norfolk,75,AU,2019-02-05,49,-42.78,147.06,69.8,11.41
Chokurdakh,56,RU,2019-02-05,39,70.62,147.9,-25.7,16.78
Mataura,0,NZ,2019-02-05,54,-46.19,168.86,58.86,8.05
Edgewater,1,US,2019-02-05,93,28.99,-80.9,62.96,8.05
Comodoro Rivadavia,0,AR,2019-02-05,19,-45.87,-67.48,86.0,25.28
Saint George,90,GR,2019-02-05,58,39.45,22.34,55.4,24.16
Karratha,0,AU,2019-02-05,47,-20.74,116.85,92.79,6.04
Jamestown,100,AU,2019-02-05,100,-33.21,138.6,68.49,3.36
Ulaangom,0,MN,2019-02-05,37,49.98,92.07,-28.63,1.12
Dwarka,40,IN,2019-02-05,93,28.58,77.04,59.0,3.36
At-Bashi,76,KG,2019-02-05,73,41.17,75.81,15.21,10.29
Ushuaia,75,AR,2019-02-05,71,-54.81,-68.31,55.4,33.33
Havre-Saint-Pierre,90,CA,2019-02-05,78,50.23,-63.6,15.8,10.29
Hermanus,24,ZA,2019-02-05,96,-34.42,19.24,50.98,3.91
Luderitz,0,NA,2019-02-05,68,-26.65,15.16,62.95,12.64
Letka,0,BA,2019-02-05,74,43.74,17.27,35.6,5.82
Tuktoyaktuk,90,CA,2019-02-05,77,69.44,-133.03,5.0,12.75
Vaini,0,IN,2019-02-05,63,15.34,74.49,73.66,3.36
Bethel,90,US,2019-02-05,100,60.79,-161.76,35.06,20.8
Vladyslavivka,64,UA,2019-02-05,94,50.53,25.74,29.34,6.38
Wajima,0,JP,2019-02-05,83,37.4,136.9,44.6,1.12
Provideniya,90,RU,2019-02-05,96,64.42,-173.23,32.0,11.18
Faanui,0,PF,2019-02-05,100,-16.48,-151.75,83.61,14.99
Weatherford,1,US,2019-02-05,68,32.76,-97.8,73.04,11.41
Lampazos de Naranjo,56,MX,2019-02-05,85,27.02,-100.51,65.25,3.36
Saint-Philippe,40,CA,2019-02-05,69,45.36,-73.48,21.38,6.93
Cookeville,1,US,2019-02-05,72,36.16,-85.5,62.6,4.7
Tasiilaq,80,GL,2019-02-05,35,65.61,-37.64,24.8,16.11
Vanavara,32,RU,2019-02-05,40,60.35,102.28,-26.33,3.13
Kapaa,90,US,2019-02-05,81,22.08,-159.32,78.98,16.11
Pescia,0,IT,2019-02-05,100,43.9,10.69,50.0,3.36
Sibolga,32,ID,2019-02-05,94,1.74,98.78,75.82,1.34
Xingyi,0,CN,2019-02-05,47,24.19,102.82,59.13,9.17
Chernyshevskiy,48,RU,2019-02-05,69,63.01,112.47,-10.13,5.37
Hovd,0,NO,2019-02-05,92,63.83,10.7,26.6,4.03
Golden,56,CA,2019-02-05,76,51.3,-116.96,-2.03,1.79
Amapa,20,HN,2019-02-05,74,15.09,-87.97,78.8,5.82
Sorong,12,ID,2019-02-05,100,-0.86,131.25,82.57,5.14
Svobodnyy,80,RU,2019-02-05,94,53.85,40.53,21.69,3.13
Hoa Binh,75,VN,2019-02-05,100,20.81,105.34,73.4,6.93
Mandalgovi,0,MN,2019-02-05,40,45.76,106.27,-15.53,13.42
Cape Town,0,ZA,2019-02-05,95,-33.93,18.42,64.35,18.45
Victoria,75,BN,2019-02-05,88,5.28,115.24,80.6,2.24
Tiksi,12,RU,2019-02-05,79,71.64,128.87,-1.13,15.66
Dikson,32,RU,2019-02-05,86,73.51,80.55,-5.36,20.92
Sao Filipe,92,CV,2019-02-05,100,14.9,-24.5,69.88,13.76
Kavaratti,32,IN,2019-02-05,100,10.57,72.64,82.44,10.74
Noci,40,IT,2019-02-05,81,40.79,17.12,48.2,12.75
Goderich,8,CA,2019-02-05,80,43.74,-81.71,15.21,10.74
Olinda,90,EC,2019-02-05,88,-2.03,-79.75,80.6,5.82
Alderwood Manor,75,US,2019-02-05,84,47.8,-122.26,33.08,5.59
Miyang,0,CN,2019-02-05,46,24.4,103.44,58.86,11.63
Tuatapere,0,NZ,2019-02-05,92,-46.13,167.69,55.3,8.28
Clyde River,75,CA,2019-02-05,70,70.47,-68.59,-5.81,23.04
Griffith,24,AU,2019-02-05,36,-34.29,146.06,91.4,11.41
Sydney,40,AU,2019-02-05,51,-33.85,151.22,84.2,14.99
Puerto Ayora,0,EC,2019-02-05,98,-0.74,-90.35,79.78,7.72
Hithadhoo,56,MV,2019-02-05,100,-0.6,73.08,81.63,7.94
Port Alfred,0,ZA,2019-02-05,98,-33.59,26.89,63.9,5.82
Yulara,20,AU,2019-02-05,21,-25.24,130.99,95.0,16.11
Wewak,48,PG,2019-02-05,64,-3.55,143.63,87.52,6.15
Ocos,20,GT,2019-02-05,83,14.51,-92.19,80.6,5.82
Lexington,40,US,2019-02-05,93,38.05,-84.5,60.98,4.7
Coquimbo,75,CL,2019-02-05,82,-29.95,-71.34,64.4,8.05
Pisco,75,PE,2019-02-05,78,-13.71,-76.2,77.0,12.75
Norman Wells,90,CA,2019-02-05,62,65.28,-126.83,-14.81,14.99
Guerrero Negro,92,MX,2019-02-05,89,27.97,-114.04,58.59,8.95
Sunbury,1,US,2019-02-05,73,40.86,-76.79,54.32,3.36
Camacha,40,PT,2019-02-05,82,33.08,-16.33,59.0,3.36
Bambous Virieux,20,MU,2019-02-05,94,-20.34,57.76,78.8,1.12
Uruzgan,56,AF,2019-02-05,76,32.93,66.63,11.16,2.13
Broome,92,GB,2019-02-05,100,52.47,1.45,46.4,13.87
Lompoc,40,US,2019-02-05,75,34.64,-120.46,50.0,4.7
Nanakuli,40,US,2019-02-05,63,21.39,-158.15,82.04,13.87
Khani,0,GE,2019-02-05,43,41.96,42.96,50.0,25.28
Makat,92,KZ,2019-02-05,92,47.65,53.35,24.03,10.4
Mattawa,5,CA,2019-02-05,91,46.32,-78.7,-0.41,10.29
Hilo,20,US,2019-02-05,66,19.71,-155.08,78.08,14.99
Kopervik,20,NO,2019-02-05,74,59.28,5.31,37.4,12.75
Pacific Grove,1,US,2019-02-05,96,36.62,-121.92,50.0,5.82
Tiznit,0,MA,2019-02-05,76,29.7,-9.73,50.35,2.35
Hastings,100,NZ,2019-02-05,100,-39.64,176.84,64.08,21.25
Isangel,36,VU,2019-02-05,100,-19.55,169.27,81.0,10.18
Kaitangata,68,NZ,2019-02-05,62,-46.28,169.85,55.8,9.73
Smithers,40,CA,2019-02-05,65,54.78,-127.17,5.0,2.57
Sao Joao da Barra,80,BR,2019-02-05,98,-21.64,-41.05,78.97,11.07
Kasangulu,75,CD,2019-02-05,94,-4.59,15.17,73.4,6.93
Atambua,80,ID,2019-02-05,100,-9.11,124.89,78.25,1.79
Ahipara,32,NZ,2019-02-05,67,-35.17,173.16,75.6,11.97
Lorengau,36,PG,2019-02-05,91,-2.02,147.27,85.5,14.2
Nikolskoye,75,RU,2019-02-05,86,59.7,30.79,26.6,6.71
Severo-Kurilsk,68,RU,2019-02-05,100,50.68,156.12,25.56,29.75
Alyangula,8,AU,2019-02-05,70,-13.85,136.42,87.8,10.29
Albury,12,AU,2019-02-05,45,-36.08,146.92,86.0,6.93
Moussoro,0,TD,2019-02-05,22,13.64,16.49,63.67,13.65
Pimentel,44,BR,2019-02-05,93,-3.7,-45.5,77.04,4.7
Mar del Plata,0,AR,2019-02-05,37,-46.43,-67.52,75.15,18.79
Prabumulih,64,ID,2019-02-05,97,-3.5,104.19,80.05,4.81
Beni Suef,92,EG,2019-02-05,54,29.07,31.1,55.08,7.16
Konosha,80,RU,2019-02-05,92,60.97,40.26,18.9,12.41
Roebourne,0,AU,2019-02-05,47,-20.77,117.15,92.79,6.04
Pierre,90,US,2019-02-05,78,44.37,-100.35,-0.05,4.7
Lata,88,IN,2019-02-05,77,30.78,78.62,36.54,1.68
Svetlogorsk,90,RU,2019-02-05,76,53.14,59.15,-9.41,6.71
Coahuayana,0,MX,2019-02-05,65,18.62,-100.35,60.48,2.01
Pizarro,44,CO,2019-02-05,91,4.95,-77.37,79.15,5.59
Talnakh,48,RU,2019-02-05,60,69.49,88.39,-20.21,1.68
Kabirwala,75,PK,2019-02-05,76,30.4,71.87,55.4,6.93
Nanortalik,92,GL,2019-02-05,96,60.14,-45.24,27.99,3.36
Portland,75,US,2019-02-05,69,45.52,-122.67,35.96,6.93
Nambucca Heads,40,AU,2019-02-05,69,-30.64,152.99,80.6,5.82
Hanzhong,44,CN,2019-02-05,80,33.08,107.03,45.99,2.68
Beloha,0,MG,2019-02-05,93,-25.17,45.06,71.77,1.9
Broken Hill,76,AU,2019-02-05,22,-31.97,141.45,96.8,9.17
Kamina,92,CD,2019-02-05,99,-8.74,25.0,66.51,3.8
Qaqortoq,76,GL,2019-02-05,32,60.72,-46.03,37.4,13.87
Bredasdorp,20,ZA,2019-02-05,93,-34.53,20.04,57.2,3.36
Acapulco,5,MX,2019-02-05,83,16.86,-99.88,78.8,5.82
Lagoa,0,PT,2019-02-05,81,37.14,-8.45,44.6,2.24
Thompson,5,CA,2019-02-05,75,55.74,-97.86,-20.21,4.7
Beitbridge,80,ZA,2019-02-05,90,-22.21,29.99,72.31,10.74
Chinna Salem,0,IN,2019-02-05,75,11.64,78.88,73.26,3.58
Moose Factory,1,CA,2019-02-05,75,51.26,-80.61,-20.21,2.24
Bambamarca,44,PE,2019-02-05,97,-6.68,-78.52,49.45,2.01
East London,0,ZA,2019-02-05,100,-33.02,27.91,69.7,3.91
Touros,40,BR,2019-02-05,94,-5.2,-35.46,78.8,3.36
Avarua,92,CK,2019-02-05,83,-21.21,-159.78,84.2,5.82
Pecos,1,US,2019-02-05,32,31.42,-103.49,65.84,8.05
Gimli,92,CA,2019-02-05,76,50.63,-96.99,-7.43,6.93
Freeport,0,BS,2019-02-05,100,26.54,-78.7,72.18,10.4
Turba,92,SY,2019-02-05,65,32.8,36.77,43.15,5.93
Kununurra,0,AU,2019-02-05,59,-15.77,128.74,89.6,9.17
Sheltozero,48,RU,2019-02-05,79,61.37,35.37,18.85,12.41
Raton,1,US,2019-02-05,32,36.9,-104.44,46.04,9.17
Vila Velha,20,BR,2019-02-05,88,-3.71,-38.6,80.6,2.24
Ponta do Sol,80,BR,2019-02-05,98,-20.63,-46.0,64.71,5.7
Omboue,32,GA,2019-02-05,100,-1.57,9.26,81.81,2.13
Svetlaya,0,RU,2019-02-05,100,46.54,138.33,6.66,10.29
Mahebourg,20,MU,2019-02-05,94,-20.41,57.7,78.8,1.12
Howard,75,AU,2019-02-05,58,-25.32,152.56,86.0,20.8
Mount Hagen,80,PG,2019-02-05,86,-5.86,144.23,66.06,2.13
Marfino,75,RU,2019-02-05,74,56.07,37.56,28.4,13.42
Kodiak,90,US,2019-02-05,85,39.95,-94.76,21.2,6.93
Vaitape,44,PF,2019-02-05,98,-16.52,-151.75,84.37,12.19
Koidu,0,SL,2019-02-05,71,8.64,-10.97,75.51,6.15
Kaka,0,TM,2019-02-05,58,37.35,59.62,6.25,2.35
Canberra,40,AU,2019-02-05,50,-35.3,149.1,78.8,10.29
Mecca,0,SA,2019-02-05,77,21.43,39.83,57.73,2.8
Grindavik,75,IS,2019-02-05,99,63.84,-22.43,39.2,31.09
Tomislavgrad,0,BA,2019-02-05,74,43.71,17.23,35.6,5.82
Marystown,92,CA,2019-02-05,90,47.17,-55.16,38.7,17.22
Asyut,0,EG,2019-02-05,66,27.18,31.19,51.8,18.34
Binzhou,92,CN,2019-02-05,66,37.38,117.96,35.32,14.2
Pavlysh,88,UA,2019-02-05,98,48.92,33.36,31.63,3.24
Tual,80,ID,2019-02-05,96,-5.67,132.75,84.91,17.45
Fortuna,0,ES,2019-02-05,75,38.18,-1.13,44.6,1.12
Gore,64,ET,2019-02-05,71,8.15,35.53,61.74,2.57
Byron Bay,90,AU,2019-02-05,66,-28.65,153.62,87.8,14.99
Nioki,92,CD,2019-02-05,97,-2.72,17.69,73.66,2.8
Brigantine,1,US,2019-02-05,86,39.41,-74.36,50.0,8.39
Ribeira Grande,0,PT,2019-02-05,100,38.52,-28.7,59.13,10.63
Vao,76,EE,2019-02-05,93,59.1,26.19,27.54,8.61
Kishapu,68,TZ,2019-02-05,97,-3.61,33.87,64.89,4.25
Georgetown,75,GY,2019-02-05,78,6.8,-58.16,80.6,11.41
Esperance,75,TT,2019-02-05,83,10.24,-61.45,78.8,6.93
Ilulissat,8,GL,2019-02-05,39,69.22,-51.1,28.4,20.8
Trelleborg,90,SE,2019-02-05,93,55.38,13.15,37.4,11.41
Hami,48,CN,2019-02-05,74,42.84,93.51,14.26,9.62
Khatanga,64,RU,2019-02-05,64,71.98,102.47,-13.55,21.47
Cardston,90,CA,2019-02-05,69,49.2,-113.32,-7.61,8.05
Klaksvik,92,FO,2019-02-05,86,62.23,-6.59,39.2,26.4
San Patricio,0,PY,2019-02-05,88,-26.98,-56.83,71.68,3.69
Tulum,20,MX,2019-02-05,88,20.21,-87.46,73.4,5.82
Sur,0,OM,2019-02-05,100,22.57,59.53,66.01,22.15
Kibondo,88,TZ,2019-02-05,97,-3.59,30.72,63.58,1.12
Waitati,0,NZ,2019-02-05,60,-45.75,170.57,56.38,9.06
Bintulu,75,MY,2019-02-05,94,3.17,113.03,78.8,3.36
Goya,0,AR,2019-02-05,83,-29.14,-59.27,66.91,4.36
Narsaq,68,GL,2019-02-05,32,60.91,-46.05,37.4,13.87
Togur,0,RU,2019-02-05,69,58.36,82.83,-35.65,9.28
Mandal,0,MN,2019-02-05,31,48.82,106.5,-24.08,3.02
Salzkotten,0,DE,2019-02-05,90,51.67,8.61,32.0,3.36
Pryazha,88,RU,2019-02-05,79,61.69,33.62,26.6,11.18
Bathsheba,20,BB,2019-02-05,83,13.22,-59.52,77.0,12.75
Pangody,48,RU,2019-02-05,79,65.85,74.49,-17.51,5.7
Troitsko-Pechorsk,76,RU,2019-02-05,69,62.71,56.19,-5.05,6.38
Hurbanovo,0,SK,2019-02-05,92,47.88,18.2,26.6,4.7
Torbay,90,CA,2019-02-05,86,47.66,-52.73,30.2,19.46
Brewster,1,US,2019-02-05,86,41.76,-70.08,51.8,6.93
Souillac,90,FR,2019-02-05,93,45.6,-0.6,50.0,4.7
Ekibastuz,76,KZ,2019-02-05,74,51.72,75.32,-16.88,15.77
Mackay,75,CA,2019-02-05,69,53.65,-115.58,-11.21,6.93
Ust-Tsilma,64,RU,2019-02-05,67,65.44,52.15,-0.59,7.94
Cairns,90,AU,2019-02-05,83,-16.92,145.77,82.4,8.05
Abu Zabad,0,SD,2019-02-05,47,12.35,29.25,63.63,4.14
Bayonet Point,1,US,2019-02-05,93,28.33,-82.68,68.0,4.59
Lerwick,92,GB,2019-02-05,93,60.15,-1.15,44.6,23.04
Chuy,0,UY,2019-02-05,94,-33.69,-53.46,66.73,7.16
Moju,75,BR,2019-02-05,94,-1.89,-48.77,77.0,6.93
Kamenka,88,RU,2019-02-05,90,53.19,44.05,24.61,5.59
Kavieng,88,PG,2019-02-05,100,-2.57,150.8,82.03,12.41
Severomorsk,76,RU,2019-02-05,84,69.07,33.42,3.2,4.47
Port Elizabeth,1,US,2019-02-05,86,39.31,-74.98,59.0,7.83
Rawson,0,AR,2019-02-05,49,-43.3,-65.11,74.88,0.34
Berlevag,8,NO,2019-02-05,100,70.86,29.09,-8.83,5.14
New Ipswich,40,US,2019-02-05,67,42.75,-71.85,50.0,3.36
Pevek,68,RU,2019-02-05,91,69.7,170.27,-10.9,11.63
Buin,0,CL,2019-02-05,47,-33.73,-70.74,78.8,8.05
Fairview,75,US,2019-02-05,61,40.81,-74.0,60.08,13.87
Paamiut,68,GL,2019-02-05,94,61.99,-49.67,29.47,17.67
Naze,12,NG,2019-02-05,95,5.43,7.07,72.36,2.57
Cidreira,12,BR,2019-02-05,91,-30.17,-50.22,65.34,6.93
Geraldton,5,CA,2019-02-05,76,49.72,-86.95,-7.61,4.7
Merauke,68,ID,2019-02-05,93,-8.49,140.4,81.45,17.9
Kalmunai,76,LK,2019-02-05,100,7.42,81.82,76.41,5.82
Sistranda,0,NO,2019-02-05,86,63.73,8.83,26.6,10.29
Port Shepstone,76,ZA,2019-02-05,99,-30.74,30.45,68.94,3.47
Pankovka,92,RU,2019-02-05,90,58.5,31.2,22.86,13.65
Kolomna,75,RU,2019-02-05,85,55.09,38.77,28.4,8.95
Kawalu,24,ID,2019-02-05,79,-7.38,108.21,78.3,2.35
Altay,68,CN,2019-02-05,55,47.83,88.13,1.8,2.24
Hutchinson,90,US,2019-02-05,91,38.06,-97.93,26.06,8.05
Kysyl-Syr,64,RU,2019-02-05,70,63.9,122.77,-5.72,6.15
Tulle,90,FR,2019-02-05,93,45.27,1.77,39.2,2.24
Ust-Omchug,0,RU,2019-02-05,56,61.13,149.63,-21.65,3.36
Kizilskoye,92,RU,2019-02-05,76,52.73,58.89,-12.11,4.36
Puerto del Rosario,0,ES,2019-02-05,72,28.5,-13.86,62.6,5.82
Nishihara,90,JP,2019-02-05,93,35.74,139.53,41.0,8.05
Lazaro Cardenas,20,MX,2019-02-05,45,28.39,-105.62,62.6,11.41
Lawton,90,US,2019-02-05,97,34.61,-98.39,64.94,9.17
Waddan,92,LY,2019-02-05,82,29.16,16.14,48.46,19.69
Alice Springs,0,AU,2019-02-05,18,-23.7,133.88,91.4,10.29
Todorovo,92,BG,2019-02-05,99,43.73,26.93,37.71,10.18
Cockburn Town,8,TC,2019-02-05,100,21.46,-71.14,75.96,12.64
Abha,0,SA,2019-02-05,71,18.22,42.5,51.8,4.03
Jamame,8,SO,2019-02-05,93,0.07,42.75,73.53,9.62
Katsuura,75,JP,2019-02-05,100,33.93,134.5,46.4,4.7
Kushalnagar,64,IN,2019-02-05,77,12.46,75.96,70.15,8.84
San Cristobal,75,EC,2019-02-05,82,-0.39,-78.55,60.8,5.82
Quatre Cocos,20,MU,2019-02-05,94,-20.21,57.76,78.8,1.12
Port Hardy,5,CA,2019-02-05,59,50.7,-127.42,35.6,4.7
Kahului,40,US,2019-02-05,69,20.89,-156.47,80.06,13.87
Dutlwe,88,BW,2019-02-05,75,-23.98,23.93,67.86,10.63
Salon de Provence,0,FR,2019-02-05,69,43.64,5.1,41.0,2.24
Ayan,88,TR,2019-02-05,71,40.67,33.6,23.76,1.9
Daru,44,SL,2019-02-05,77,7.99,-10.85,77.35,5.93
Camacupa,88,AO,2019-02-05,97,-12.02,17.48,63.63,2.91
Stratford,40,CA,2019-02-05,85,43.37,-80.98,24.8,3.36
Arlit,0,NE,2019-02-05,21,18.74,7.39,46.12,9.4
Carnarvon,0,ZA,2019-02-05,37,-30.97,22.13,60.84,8.39
Dingle,12,PH,2019-02-05,65,11.0,122.67,83.43,14.76
Kloulklubed,90,PW,2019-02-05,94,7.04,134.26,77.0,10.29
Salalah,0,OM,2019-02-05,73,17.01,54.1,71.6,4.7
Bambanglipuro,20,ID,2019-02-05,88,-7.95,110.28,82.26,4.36
Conde,80,BR,2019-02-05,95,-11.81,-37.61,79.56,9.28
Port-Gentil,48,GA,2019-02-05,99,-0.72,8.78,79.74,2.57
Hemsedal,20,NO,2019-02-05,78,60.86,8.55,-3.25,2.13
Foumbot,56,CM,2019-02-05,94,5.51,10.64,66.78,2.35
Chumikan,0,RU,2019-02-05,52,54.72,135.31,-17.96,14.99
Aleksandrov Gay,88,RU,2019-02-05,91,50.14,48.57,22.81,3.13
Sayyan,0,YE,2019-02-05,82,15.17,44.32,36.09,2.8
Alekseyevsk,44,RU,2019-02-05,47,57.84,108.35,-29.48,3.47
Kurchum,44,KZ,2019-02-05,85,48.57,83.65,14.71,9.17
Sanmenxia,92,CN,2019-02-05,94,34.77,111.19,39.78,3.47
Podporozhye,88,RU,2019-02-05,89,60.91,34.16,22.9,11.97
Singkang,75,MY,2019-02-05,78,2.1,102.8,78.8,10.29
Buchanan,20,LR,2019-02-05,94,5.88,-10.05,75.2,5.26
Great Falls,90,US,2019-02-05,76,47.5,-111.29,-7.61,6.93
Ratnagiri,0,IN,2019-02-05,100,16.98,73.3,77.26,6.04
Bonavista,92,CA,2019-02-05,100,48.65,-53.11,31.0,18.23
Kontagora,0,NG,2019-02-05,37,10.4,5.47,65.88,7.27
Sirjan,0,IR,2019-02-05,51,29.44,55.67,21.15,9.51
Pitimbu,75,BR,2019-02-05,100,-7.47,-34.81,77.0,4.7
Majenang,12,ID,2019-02-05,83,-7.3,108.76,81.4,3.36
Penzance,20,GB,2019-02-05,100,50.12,-5.53,48.2,6.93
Taltal,32,CL,2019-02-05,85,-25.41,-70.49,64.75,0.34
Kottagudem,0,IN,2019-02-05,91,17.55,80.63,70.29,4.25
Bongaree,75,AU,2019-02-05,61,-27.08,153.16,82.4,13.87
Jasper,90,US,2019-02-05,93,33.83,-87.28,66.02,5.37
Rockland,1,US,2019-02-05,57,42.13,-70.92,53.96,4.7
Lebu,20,ET,2019-02-05,58,8.96,38.73,53.6,6.93
Benguela,80,AO,2019-02-05,100,-12.58,13.4,77.76,3.24
Kidal,0,ML,2019-02-05,28,18.44,1.41,50.26,10.29
Pangnirtung,68,CA,2019-02-05,65,66.15,-65.72,-8.69,2.57
Acajutla,0,SV,2019-02-05,96,13.59,-89.83,73.26,3.24
Half Moon Bay,20,US,2019-02-05,99,37.46,-122.43,50.0,11.41
Galveston,90,US,2019-02-05,95,40.58,-86.19,35.6,9.17
Rocha,8,UY,2019-02-05,95,-34.48,-54.34,62.55,5.7
Nexo,36,DK,2019-02-05,86,55.06,15.13,39.2,16.11
Port Lincoln,0,AU,2019-02-05,76,-34.72,135.86,74.88,11.52
Kruisfontein,0,ZA,2019-02-05,97,-34.0,24.73,60.07,3.91
Deputatskiy,56,RU,2019-02-05,44,69.3,139.9,-29.12,3.91
Ruteng,92,ID,2019-02-05,98,-8.61,120.46,75.69,5.93
Sawai Madhopur,0,IN,2019-02-05,91,26.02,76.35,60.48,2.91
Sabang,12,PH,2019-02-05,85,13.72,123.58,79.38,6.49
Jalu,24,LY,2019-02-05,38,29.03,21.55,49.59,13.53
Nouna,0,BF,2019-02-05,27,12.73,-3.87,68.4,8.95
Gizo,75,IL,2019-02-05,35,31.8,34.94,71.6,18.34
Tessalit,0,ML,2019-02-05,19,20.2,1.01,44.19,10.63
Oda,75,JP,2019-02-05,75,35.19,132.5,46.4,8.16
Manzhouli,0,CN,2019-02-05,26,49.6,117.43,-19.49,13.65
Alofi,75,NU,2019-02-05,70,-19.06,-169.92,86.0,11.41
Sinnamary,92,GF,2019-02-05,100,5.38,-52.96,76.72,9.95
Midland,92,US,2019-02-05,36,32.0,-102.08,67.28,4.7
Sobolevo,80,RU,2019-02-05,92,54.43,31.9,22.14,7.27
Shimanovsk,12,RU,2019-02-05,28,52.0,127.67,-19.76,4.25
Eyl,100,SO,2019-02-05,98,7.98,49.82,75.15,17.9
Clarence Town,40,AU,2019-02-05,51,-32.59,151.78,86.0,12.75
Fairmont,90,US,2019-02-05,72,40.64,-97.59,16.7,4.7
Sitka,48,US,2019-02-05,89,37.17,-99.65,31.5,8.72
Praia,0,BR,2019-02-05,83,-20.25,-43.81,69.8,8.05
Oro Valley,1,US,2019-02-05,47,32.39,-110.97,59.0,13.87
Srandakan,20,ID,2019-02-05,88,-7.94,110.25,82.26,4.36
Marzuq,0,YE,2019-02-05,86,14.4,46.47,41.8,2.35
Eldorado,75,MX,2019-02-05,35,24.32,-107.36,86.0,5.82
Soe,90,EE,2019-02-05,79,57.91,26.05,28.4,13.87
Witu,1,KE,2019-02-05,89,-2.39,40.44,75.2,7.61
Kiunga,8,PG,2019-02-05,55,-6.12,141.3,91.75,5.14
Almirante Tamandare,75,BR,2019-02-05,100,-25.32,-49.31,60.8,6.93
Boundiali,32,CI,2019-02-05,47,9.53,-6.48,72.18,3.13
Beringovskiy,92,RU,2019-02-05,98,63.05,179.32,30.73,17.0
Port Pirie,8,AU,2019-02-05,73,-33.18,138.01,77.0,9.17
Obo,24,CF,2019-02-05,56,5.39,26.49,71.73,5.14
Kabale,36,UG,2019-02-05,100,-1.26,29.99,55.53,2.68
Itarema,92,BR,2019-02-05,97,-2.92,-39.92,77.71,4.59
La Ronge,5,CA,2019-02-05,82,55.1,-105.3,-23.81,2.35
Constitucion,90,MX,2019-02-05,27,23.99,-104.67,64.4,11.41
Rivadavia,0,AR,2019-02-05,66,-31.53,-68.59,71.19,4.03
Rio Gallegos,40,AR,2019-02-05,28,-51.62,-69.22,59.0,24.16
Werda,8,DE,2019-02-05,84,50.44,12.3,32.0,8.05
Klyuchi,68,RU,2019-02-05,80,52.25,79.17,-18.32,14.43
Puerto Quijarro,0,BO,2019-02-05,62,-19.0,-57.72,78.88,4.14
Duekoue,68,CI,2019-02-05,100,6.74,-7.35,71.55,3.69
Bilma,0,NE,2019-02-05,26,18.69,12.92,41.62,8.95
Namatanai,80,PG,2019-02-05,100,-3.66,152.44,78.39,11.41
Suba,92,CN,2019-02-05,100,28.73,103.51,42.84,1.57
Pechenga,64,RU,2019-02-05,84,58.89,41.46,14.4,9.95
Kampot,40,KH,2019-02-05,69,10.62,104.18,82.4,9.17
Sola,20,NO,2019-02-05,74,58.89,5.65,37.4,12.75
Mount Isa,90,AU,2019-02-05,83,-20.73,139.49,75.2,24.16
Maragogi,64,BR,2019-02-05,98,-9.01,-35.22,77.35,5.14
Port Hedland,75,AU,2019-02-05,66,-20.31,118.58,87.8,8.05
Longyearbyen,40,NO,2019-02-05,72,78.22,15.63,17.6,12.75
Luganville,68,VU,2019-02-05,100,-15.51,167.18,81.67,10.96
Sao Sebastiao do Paraiso,20,BR,2019-02-05,90,-20.92,-46.99,67.27,9.4
Tazovskiy,32,RU,2019-02-05,63,67.47,78.7,-21.07,6.82
Hofn,92,IS,2019-02-05,100,64.25,-15.21,37.21,38.14
Garowe,88,SO,2019-02-05,95,8.41,48.48,63.85,7.38
Ancud,75,CL,2019-02-05,87,-41.87,-73.83,60.8,4.7
Kindu,44,CD,2019-02-05,97,-2.95,25.92,71.01,2.46
Eureka,75,US,2019-02-05,79,40.8,-124.16,41.0,4.59
Suraabad,90,AZ,2019-02-05,93,40.82,49.47,46.4,12.75
Cervo,24,BR,2019-02-05,93,-22.19,-46.24,62.55,4.92
Nantucket,1,US,2019-02-05,85,41.28,-70.1,46.04,9.17
Gamba,0,CN,2019-02-05,53,28.28,88.52,0.22,2.13
Udachnyy,44,RU,2019-02-05,68,66.42,112.4,-5.32,6.04
Russell,0,AR,2019-02-05,36,-33.01,-68.8,80.6,6.93
Flinders,40,AU,2019-02-05,65,-34.58,150.85,80.6,5.82
Cartagena,0,ES,2019-02-05,81,37.63,-1.0,42.8,4.7
Shumyachi,64,RU,2019-02-05,93,53.86,32.43,23.8,5.7
Yar-Sale,44,RU,2019-02-05,78,66.83,70.83,-17.24,3.36
Ostrovnoy,24,RU,2019-02-05,78,68.05,39.51,1.75,10.74
Te Anau,0,NZ,2019-02-05,47,-45.41,167.72,57.06,7.38
Pedernales,68,EC,2019-02-05,95,0.07,-80.05,73.08,4.59
Boa Vista,0,BR,2019-02-05,51,2.82,-60.67,84.2,8.05
Waingapu,92,ID,2019-02-05,87,-9.65,120.26,81.13,9.51
Gold Coast,40,AU,2019-02-05,74,-28.0,153.41,78.8,9.17
Mareeba,90,AU,2019-02-05,83,-16.99,145.42,82.4,8.05
Praia da Vitoria,20,PT,2019-02-05,87,38.73,-27.07,51.8,12.41
Alipur,12,PK,2019-02-05,95,29.38,70.91,51.43,4.14
Gat,20,SN,2019-02-05,72,14.69,-16.54,66.2,16.11
Flin Flon,0,CA,2019-02-05,35,54.77,-101.88,-23.68,3.58
Aksarka,64,RU,2019-02-05,40,66.56,67.8,-25.43,3.36
Bubaque,0,GW,2019-02-05,95,11.28,-15.83,78.93,9.73
Leningradskiy,92,RU,2019-02-05,87,69.38,178.42,-3.02,17.11
Masaurhi,40,IN,2019-02-05,93,25.35,85.03,53.6,3.02
Saldanha,24,PT,2019-02-05,76,41.42,-6.55,27.54,2.91
Burnie,100,AU,2019-02-05,100,-41.05,145.91,63.09,26.28
Meulaboh,0,ID,2019-02-05,100,4.14,96.13,80.55,2.91
Belmonte,0,PT,2019-02-05,75,40.36,-7.35,30.82,2.91
Seddon,48,NZ,2019-02-05,92,-41.67,174.07,59.08,16.67
Huarmey,8,PE,2019-02-05,90,-10.07,-78.15,68.17,2.91
Wilmington Island,1,US,2019-02-05,74,32.0,-80.97,62.96,4.7
Katobu,92,ID,2019-02-05,94,-4.94,122.53,82.89,3.69
Rock Sound,0,BS,2019-02-05,100,24.9,-76.2,73.35,14.65
Valdivia,0,CL,2019-02-05,93,-39.81,-73.25,59.0,3.36
Sambava,88,MG,2019-02-05,100,-14.27,50.17,79.83,9.62
Sipoo,75,FI,2019-02-05,92,60.38,25.27,30.2,9.17
Ambilobe,36,MG,2019-02-05,97,-13.19,49.05,70.65,2.68
Goure,0,NE,2019-02-05,26,13.98,10.27,59.31,11.97
Iqaluit,75,CA,2019-02-05,70,63.75,-68.52,1.4,13.87
Salekhard,48,RU,2019-02-05,38,66.54,66.62,-24.8,3.24
Rome,0,IT,2019-02-05,87,41.89,12.48,44.6,9.17
Tuy Hoa,68,VN,2019-02-05,93,13.08,109.3,75.55,3.69
Mao,75,DO,2019-02-05,78,19.55,-71.08,77.0,6.93
Biak,36,ID,2019-02-05,96,-0.91,122.88,82.12,2.01
Nome,90,US,2019-02-05,92,30.04,-94.42,69.98,4.7
Port Macquarie,75,AU,2019-02-05,69,-31.43,152.91,80.6,8.05
Ola,0,RU,2019-02-05,100,59.58,151.3,-6.22,13.31
Behbahan,0,IR,2019-02-05,87,30.59,50.24,46.4,3.24
Surgut,20,RU,2019-02-05,65,61.25,73.4,-36.41,6.71
Hinesville,40,US,2019-02-05,96,31.85,-81.6,62.96,3.58
Caravelas,64,BR,2019-02-05,100,-17.73,-39.27,82.08,9.17
Chupa,75,PE,2019-02-05,71,-15.11,-69.99,51.8,3.36
Tocopilla,44,CL,2019-02-05,94,-22.09,-70.2,67.0,2.57
Urucui,88,BR,2019-02-05,93,-7.23,-44.56,73.21,3.58
Coihaique,0,CL,2019-02-05,59,-45.58,-72.07,64.4,2.24
Zacualpan,75,MX,2019-02-05,68,21.25,-105.17,75.2,5.82
Zhigansk,56,RU,2019-02-05,72,66.77,123.37,1.21,10.4
Devonport,92,AU,2019-02-05,88,-41.18,146.36,62.41,8.61
Pordim,90,BG,2019-02-05,93,43.38,24.85,39.2,2.24
Banyo,24,CM,2019-02-05,45,6.75,11.81,67.41,4.81
Pauini,80,BR,2019-02-05,96,-7.71,-67.0,75.06,2.57
Sandovo,76,RU,2019-02-05,87,58.46,36.41,16.29,9.4
Natal,75,BR,2019-02-05,88,-5.81,-35.21,80.6,3.36
LOS ALGARROBOS,75,EC,2019-02-05,88,-3.25,-79.94,89.6,3.36
Longmont,1,US,2019-02-05,73,40.17,-105.1,42.98,5.37
Samoylovka,88,RU,2019-02-05,95,51.19,43.71,23.62,3.13
Yarim,0,YE,2019-02-05,74,14.3,44.38,38.56,3.36
Mehamn,20,NO,2019-02-05,100,71.03,27.85,-3.02,4.03
Filimonovo,88,RU,2019-02-05,81,54.21,39.6,19.44,3.02
Grand Gaube,20,MU,2019-02-05,94,-20.01,57.66,78.8,1.12
Okhotsk,32,RU,2019-02-05,100,59.36,143.24,-0.82,5.7
Qeshm,0,IR,2019-02-05,100,26.96,56.27,59.0,11.41
Vanimo,64,PG,2019-02-05,99,-2.67,141.3,83.25,17.78
Ahome,90,MX,2019-02-05,53,25.92,-109.18,73.4,6.93
The Valley,20,AI,2019-02-05,78,18.22,-63.06,77.0,5.82
Takoradi,8,GH,2019-02-05,100,4.89,-1.75,79.83,5.59
Bereda,32,ES,2019-02-05,87,43.27,-7.54,51.8,3.36
Pasaje,12,MX,2019-02-05,42,24.93,-103.81,57.51,2.01
Vila Franca do Campo,20,PT,2019-02-05,82,37.72,-25.43,55.4,8.05
Winnemucca,36,US,2019-02-05,83,40.97,-117.74,16.78,4.14
Puerto Madryn,0,AR,2019-02-05,48,-42.77,-65.04,79.33,17.45
Mbandaka,56,CD,2019-02-05,100,0.05,18.26,72.81,2.8
Quthing,0,LS,2019-02-05,100,-30.4,27.7,45.22,2.91
Ambon,90,FR,2019-02-05,100,47.55,-2.56,51.8,6.93
Zyryanka,8,RU,2019-02-05,43,65.73,150.89,-27.41,2.91
Kasempa,88,ZM,2019-02-05,99,-13.46,25.83,63.18,1.68
Tromso,75,NO,2019-02-05,85,69.65,18.96,19.4,9.17
Yakeshi,8,CN,2019-02-05,61,49.28,120.73,-22.64,10.4
Hobyo,88,SO,2019-02-05,95,5.35,48.53,75.6,17.0
Fare,0,PF,2019-02-05,99,-16.7,-151.02,83.79,12.97
Tamandare,48,BR,2019-02-05,97,-8.28,-70.75,73.71,2.35
Arona,0,IT,2019-02-05,86,45.76,8.56,30.2,9.17
Araouane,8,ML,2019-02-05,26,18.9,-3.53,49.81,10.4
Kropotkin,0,RU,2019-02-05,87,45.43,40.58,25.6,3.58
Talcahuano,0,CL,2019-02-05,82,-36.72,-73.12,62.6,12.75
Bilibino,48,RU,2019-02-05,62,68.06,166.44,-22.19,2.91
Poltavka,36,RU,2019-02-05,49,54.36,71.76,-29.39,5.03
Boyabat,76,TR,2019-02-05,73,41.47,34.77,25.42,2.13
Texistepec,75,MX,2019-02-05,88,17.89,-94.82,77.0,11.41
Omsukchan,44,RU,2019-02-05,59,62.53,155.8,-22.15,5.59
Qasigiannguit,8,GL,2019-02-05,39,68.82,-51.19,28.4,20.8
Muros,90,ES,2019-02-05,93,42.77,-9.06,48.2,5.82
Anadyr,90,RU,2019-02-05,85,64.73,177.51,21.2,31.32
Nyurba,68,RU,2019-02-05,74,63.29,118.35,-6.8,5.37
Stony Plain,1,CA,2019-02-05,68,53.53,-114.0,-14.81,3.36
Najibabad,40,IN,2019-02-05,87,29.61,78.34,50.0,4.7
Rajapur,32,IN,2019-02-05,74,25.39,81.15,65.83,2.13
Aleksandrovsk-Sakhalinskiy,32,RU,2019-02-05,88,50.9,142.16,-3.47,13.31
Luena,44,AO,2019-02-05,96,-11.78,19.91,62.19,3.13
Pyu,0,MM,2019-02-05,59,18.48,96.43,80.28,2.8
Bogale,0,MM,2019-02-05,72,16.29,95.4,80.1,9.17
Iquitos,75,PE,2019-02-05,94,-3.75,-73.25,75.2,3.36
Tulun,0,RU,2019-02-05,61,54.56,100.58,-34.43,2.46
Andreapol,88,RU,2019-02-05,90,56.65,32.27,19.08,11.07
Lucea,20,JM,2019-02-05,78,18.44,-78.17,77.0,4.7
Weligama,24,LK,2019-02-05,100,5.97,80.42,77.94,2.91
Saint-Pierre,0,FR,2019-02-05,80,48.95,4.24,30.2,8.05
Kerema,24,PG,2019-02-05,61,-7.96,145.78,89.01,3.58
Komsomolskiy,8,RU,2019-02-05,0,67.55,63.78,-30.38,6.38
Danielskuil,0,ZA,2019-02-05,69,-28.19,23.54,55.93,2.57
Muscat,40,OM,2019-02-05,49,23.6,58.55,69.8,9.17
Tetiyiv,92,UA,2019-02-05,97,49.38,29.66,28.53,3.36
Agadez,24,NE,2019-02-05,19,16.97,7.99,53.05,11.74
Onguday,68,RU,2019-02-05,52,50.75,86.14,-13.15,1.9
Megion,12,RU,2019-02-05,65,61.04,76.11,-34.61,6.71
Nautla,0,MX,2019-02-05,96,20.22,-96.78,75.78,16.89
Banswada,0,IN,2019-02-05,52,18.38,77.88,71.95,6.6
Vostok,8,RU,2019-02-05,36,46.45,135.83,-3.7,2.91
Lavrentiya,92,RU,2019-02-05,99,65.58,-170.99,31.41,24.05
Nuuk,80,GL,2019-02-05,73,64.17,-51.74,24.8,3.36
Sao Paulo de Olivenca,92,BR,2019-02-05,100,-3.38,-68.87,72.85,4.14
Oussouye,0,SN,2019-02-05,90,12.49,-16.54,71.1,17.0
Yangjiang,56,CN,2019-02-05,93,21.85,111.96,69.07,5.26
Sept-Iles,90,CA,2019-02-05,72,50.2,-66.38,15.8,6.93
Gambela,48,ET,2019-02-05,71,8.25,34.59,63.58,2.01
Tsumeb,0,NA,2019-02-05,95,-19.25,17.72,60.43,4.14
Tabory,88,PL,2019-02-05,99,53.89,19.53,35.1,15.77
Plettenberg Bay,24,ZA,2019-02-05,100,-34.05,23.37,65.38,2.8
Belaya Gora,20,RU,2019-02-05,54,68.54,146.19,-31.46,9.4
Pangkalanbuun,8,ID,2019-02-05,93,-2.68,111.62,83.83,4.14
Bandarbeyla,92,SO,2019-02-05,100,9.49,50.81,75.28,17.56
Buritizeiro,92,BR,2019-02-05,90,-17.37,-44.96,72.67,2.91
Canakkale,92,TR,2019-02-05,100,40.15,26.41,48.28,15.88
Dandong,56,CN,2019-02-05,44,40.12,124.37,28.03,10.29
Luorong,80,CN,2019-02-05,100,24.41,109.6,63.76,4.36
Salihorsk,64,BY,2019-02-05,89,52.79,27.54,25.87,7.72
Caluquembe,80,AO,2019-02-05,100,-13.78,14.68,61.15,2.68
Port Blair,0,IN,2019-02-05,100,11.67,92.75,81.0,7.16
Pundaguitan,64,PH,2019-02-05,100,6.37,126.17,79.65,6.93
Ferme-Neuve,0,CA,2019-02-05,66,46.7,-75.45,7.96,5.93
Laredo,1,US,2019-02-05,73,27.51,-99.51,75.2,4.7
Parnamirim,75,BR,2019-02-05,88,-5.92,-35.27,80.6,3.36
Erenhot,36,CN,2019-02-05,32,43.65,111.97,-1.94,12.41
Simoes,80,BR,2019-02-05,96,-7.6,-40.82,69.84,7.49
Sovetskiy,44,RU,2019-02-05,64,56.76,48.47,-3.47,2.91
Cayenne,40,GF,2019-02-05,100,4.94,-52.33,73.4,1.12
Turukhansk,68,RU,2019-02-05,41,65.8,87.96,-26.02,2.24
Sao Joao de Pirabas,88,BR,2019-02-05,99,-0.77,-47.18,80.77,11.18
Vila,0,IT,2019-02-05,86,45.18,8.4,33.8,9.17
Oparino,64,RU,2019-02-05,80,59.85,48.28,1.71,4.14
Richards Bay,76,ZA,2019-02-05,99,-28.77,32.06,68.35,3.13
Oranjestad,20,AW,2019-02-05,78,12.52,-70.03,78.8,14.99
Rio de Janeiro,75,BR,2019-02-05,83,-22.91,-43.21,75.2,4.7
Rundu,20,NA,2019-02-05,92,-17.91,19.77,63.76,5.7
Poum,80,MK,2019-02-05,94,41.28,20.71,28.08,1.9
Kaihua,32,CN,2019-02-05,88,29.14,118.41,58.5,3.24
Ouango,0,CD,2019-02-05,88,4.31,22.55,74.2,4.14
Price,90,US,2019-02-05,100,39.6,-110.81,30.02,4.7
Hengyang,0,CN,2019-02-05,95,26.89,112.6,64.35,6.49
Eston,5,CA,2019-02-05,67,51.15,-108.75,-23.81,5.82
Maniitsoq,48,GL,2019-02-05,70,65.42,-52.9,13.0,3.36
Kattivakkam,20,IN,2019-02-05,94,13.22,80.32,73.4,5.14
Salym,0,RU,2019-02-05,68,60.06,71.48,-35.38,2.91
Aborlan,20,PH,2019-02-05,69,9.44,118.55,80.6,4.7
Libenge,0,CD,2019-02-05,91,3.65,18.64,74.7,4.7
Baruun-Urt,0,MN,2019-02-05,23,46.68,113.28,-17.38,10.4
Balkanabat,20,TM,2019-02-05,89,39.51,54.36,29.79,4.14
Turayf,0,SA,2019-02-05,87,31.68,38.65,42.8,13.87
Fairbanks,90,US,2019-02-05,92,64.84,-147.72,17.6,3.47
